<?xml version="1.0" encoding="UTF-8"?>
<preferences>
 <debug showDebugMenu="0" />
 <systemtable filter="All Interfaces">
  <columns>
   <connections preferredWidth="191" />
   <irq preferredWidth="34" />
   <opcodeName preferredWidth="568" />
   <tags preferredWidth="586" />
   <name preferredWidth="365" />
   <description preferredWidth="456" />
   <export preferredWidth="313" />
   <inputclock preferredWidth="329" />
  </columns>
 </systemtable>
 <library expandedCategories="Project,Library" />
 <window width="3384" height="1844" x="-3372" y="-12" />
</preferences>
